{
  "Cvox+#37": "left",
  "Cvox+#39": "right",
  "Cvox+1":"nextHeading1",
  "Cvox+2":"nextHeading2",
  "Cvox+3":"nextHeading3",
  "Cvox+4":"nextHeading4",
  "Cvox+5":"nextHeading5",
  "Cvox+6":"nextHeading6",
  "Cvox+9":"decreaseTtsPitch",
  "Cvox+#186":"nextLandmark",
  "Cvox+#187":"nextGranularity",
  "Cvox+#189":"previousGranularity",
  "Cvox+#190":"showPowerKey",
  "Cvox+S":"toggleSearchWidget",
  "Cvox+#191":"help",
  "Cvox+#219":"decreaseTtsRate",
  "Cvox+#221":"increaseTtsRate",
  "Cvox+0":"increaseTtsPitch",
  "Cvox+#32":"forceClickOnCurrentItem",
  "#37":"skipBackward",
  "Cvox+#38":"backward",
  "#39":"skipForward",
  "Cvox+#40":"forward",
  "#9":"handleTab",
  "Shift+#9":"handleTabPrev",
  "Cvox+A>A":"toggleChromeVox",
  "Cvox+B":"nextButton",
  "Cvox+C":"nextComboBox",
  "Cvox+E":"nextEditText",
  "Cvox+F":"nextFormField",
  "Cvox+H":"nextHeading",
  "Cvox+I>L":"readLinkURL",
  "Cvox+I>T":"readCurrentTitle",
  "Cvox+I>U":"readCurrentURL",
  "Cvox+K>E":"showKbExplorerPage",
  "Cvox+K>O":"showOptionsPage",
  "Cvox+I":"nextListItem",
  "Cvox+O>F":"showFormsList",
  "Cvox+O>H":"showHeadingsList",
  "Cvox+O>L":"showLinksList",
  "Cvox+O>T":"showTablesList",
  "Cvox+O>#186":"showLandmarksList",
  "Cvox+L":"nextLink",
  "Cvox+J":"nextList",
  "Cvox+P>1":"previousHeading1",
  "Cvox+P>2":"previousHeading2",
  "Cvox+P>3":"previousHeading3",
  "Cvox+P>4":"previousHeading4",
  "Cvox+P>5":"previousHeading5",
  "Cvox+P>6":"previousHeading6",
  "Cvox+P>C":"previousComboBox",
  "Cvox+P>E":"previousEditText",
  "Cvox+P>F":"previousFormField",
  "Cvox+P>H":"previousHeading",
  "Cvox+P>I":"previousListItem",
  "Cvox+P>L":"previousLink",
  "Cvox+P>O":"previousList",
  "Cvox+P>W":"previousRadio",
  "Cvox+P>T":"previousTable",
  "Cvox+P>B":"previousButton",
  "Cvox+P>X":"previousCheckbox",
  "Cvox+P>#186":"previousLandmark",
  "Cvox+R":"readFromHere",
  "Cvox+W":"nextRadio",
  "Cvox+G>T":"toggleTable",
  "Cvox+G>H":"announceHeaders",
  "Cvox+G>L":"speakTableLocation",
  "Cvox+G>[":"skipToBeginning",
  "Cvox+G>]":"skipToEnd",
  "Cvox+G>#186":"skipToRowBeginning",
  "Cvox+G>#222":"skipToRowEnd",
  "Cvox+G>C":"skipToColBeginning",
  "Cvox+G>V":"skipToColEnd",
  "Cvox+T":"nextTable",
  "Cvox+D>D":"enableConsoleTts",
  "Cvox+X":"nextCheckbox",
  "Ctrl+Z":"toggleKeyPrefix",
  "Ctrl":"stopSpeech"
}
