{
    "Ctrl": "stopSpeech",
    "Ctrl+Z": "toggleKeyPrefix",
    "#9": "handleTab",
    "Shift+#9": "handleTabPrev",
    "Cvox+#38": "backward",
    "Cvox+#40": "forward",
    "Cvox+#37": "left",
    "Cvox+#39": "right",
    "#37": "skipBackward",
    "#39": "skipForward",
    "Cvox+#189": "previousGranularity",
    "Cvox+#187": "nextGranularity",
    "Cvox+#32": "forceClickOnCurrentItem",
    "Cvox+U": "readLinkURL",
    "Cvox+C>T": "readCurrentTitle",
    "Cvox+C>U": "readCurrentURL",
    "Cvox+R": "readFromHere",
    "Cvox+K": "fullyDescribe",
    "Cvox+#190": "showPowerKey",
    "Cvox+H": "help",
    "Cvox+#191": "toggleSearchWidget",
    "Cvox+O>W": "showOptionsPage",
    "Cvox+O>K": "showKbExplorerPage",
    "Cvox+A>A": "toggleChromeVox",
    "Cvox+#186": "decreaseTtsPitch",
    "Cvox+#222": "increaseTtsPitch",
    "Cvox+#219": "decreaseTtsRate",
    "Cvox+#221": "increaseTtsRate",
    "Cvox+L>F": "showFormsList",
    "Cvox+L>H": "showHeadingsList",
    "Cvox+L>L": "showLinksList",
    "Cvox+L>T": "showTablesList",
    "Cvox+L>#186": "showLandmarksList",
    "Cvox+T>E": "toggleTable",
    "Cvox+T>H": "announceHeaders",
    "Cvox+T>L": "speakTableLocation",
    "Cvox+T>#219": "skipToBeginning",
    "Cvox+T>#221": "skipToEnd",
    "Cvox+T>#186": "skipToRowBeginning",
    "Cvox+T>#222": "skipToRowEnd",
    "Cvox+T>#188": "skipToColBeginning",
    "Cvox+T>#190": "skipToColEnd",
    "Cvox+N>1": "nextHeading1",
    "Cvox+P>1": "previousHeading1",
    "Cvox+N>2": "nextHeading2",
    "Cvox+P>2": "previousHeading2",
    "Cvox+N>3": "nextHeading3",
    "Cvox+P>3": "previousHeading3",
    "Cvox+N>4": "nextHeading4",
    "Cvox+P>4": "previousHeading4",
    "Cvox+N>5": "nextHeading5",
    "Cvox+P>5": "previousHeading5",
    "Cvox+N>6": "nextHeading6",
    "Cvox+P>6": "previousHeading6",
    "Cvox+N>A": "nextAnchor",
    "Cvox+N>C": "nextComboBox",
    "Cvox+P>C": "previousComboBox",
    "Cvox+N>E": "nextEditText",
    "Cvox+P>E": "previousEditText",
    "Cvox+N>F": "nextFormField",
    "Cvox+P>F": "previousFormField",
    "Cvox+N>G": "nextGraphic",
    "Cvox+P>G": "previousGraphic",
    "Cvox+N>H": "nextHeading",
    "Cvox+P>H": "previousHeading",
    "Cvox+N>I": "nextListItem",
    "Cvox+P>I": "previousListItem",
    "Cvox+N>L": "nextLink",
    "Cvox+P>L": "previousLink",
    "Cvox+N>O": "nextList",
    "Cvox+P>O": "previousList",
    "Cvox+N>R": "nextRadio",
    "Cvox+P>R": "previousRadio",
    "Cvox+N>T": "nextTable",
    "Cvox+P>T": "previousTable",
    "Cvox+N>B": "nextButton",
    "Cvox+P>B": "previousButton",
    "Cvox+N>X": "nextCheckbox",
    "Cvox+P>X": "previousCheckbox",
    "Cvox+N>#186": "nextLandmark",
    "Cvox+P>#186": "previousLandmark",
    "Cvox+B>C": "enableConsoleTts"
}
