{
    "{\"cvoxModifier\":false,\"stickyMode\":false,\"prefixKey\":false,\"keys\":{\"ctrlKey\":[true],\"searchKeyHeld\":[false],\"altKey\":[false],\"altGraphKey\":[false],\"shiftKey\":[false],\"metaKey\":[false],\"keyCode\":[17]}}": "stopSpeech",
    "{\"cvoxModifier\":false,\"stickyMode\":false,\"prefixKey\":false,\"keys\":{\"ctrlKey\":[true],\"searchKeyHeld\":[false],\"altKey\":[false],\"altGraphKey\":[false],\"shiftKey\":[false],\"metaKey\":[false],\"keyCode\":[90]}}": "toggleKeyPrefix",
    "{\"cvoxModifier\":false,\"stickyMode\":false,\"prefixKey\":false,\"keys\":{\"ctrlKey\":[false],\"searchKeyHeld\":[false],\"altKey\":[false],\"altGraphKey\":[false],\"shiftKey\":[false],\"metaKey\":[false],\"keyCode\":[9]}}": "handleTab",
    "{\"cvoxModifier\":false,\"stickyMode\":false,\"prefixKey\":false,\"keys\":{\"ctrlKey\":[false],\"searchKeyHeld\":[false],\"altKey\":[false],\"altGraphKey\":[false],\"shiftKey\":[true],\"metaKey\":[false],\"keyCode\":[9]}}": "handleTabPrev",
    "{\"cvoxModifier\":true,\"stickyMode\":false,\"prefixKey\":false,\"keys\":{\"ctrlKey\":[false],\"searchKeyHeld\":[false],\"altKey\":[false],\"altGraphKey\":[false],\"shiftKey\":[false],\"metaKey\":[false],\"keyCode\":[38]}}": "backward",
    "{\"cvoxModifier\":true,\"stickyMode\":false,\"prefixKey\":false,\"keys\":{\"ctrlKey\":[false],\"searchKeyHeld\":[false],\"altKey\":[false],\"altGraphKey\":[false],\"shiftKey\":[false],\"metaKey\":[false],\"keyCode\":[40]}}": "forward",
   "{\"cvoxModifier\":true,\"stickyMode\":false,\"prefixKey\":false,\"keys\":{\"ctrlKey\":[false],\"searchKeyHeld\":[false],\"altKey\":[false],\"altGraphKey\":[false],\"shiftKey\":[false],\"metaKey\":[false],\"keyCode\":[37]}}": "left",
    "{\"cvoxModifier\":true,\"stickyMode\":false,\"prefixKey\":false,\"keys\":{\"ctrlKey\":[false],\"searchKeyHeld\":[false],\"altKey\":[false],\"altGraphKey\":[false],\"shiftKey\":[false],\"metaKey\":[false],\"keyCode\":[39]}}": "right",
    "{\"cvoxModifier\":false,\"stickyMode\":false,\"prefixKey\":false,\"keys\":{\"ctrlKey\":[false],\"searchKeyHeld\":[false],\"altKey\":[false],\"altGraphKey\":[false],\"shiftKey\":[false],\"metaKey\":[false],\"keyCode\":[37]}}": "skipBackward",
    "{\"cvoxModifier\":false,\"stickyMode\":false,\"prefixKey\":false,\"keys\":{\"ctrlKey\":[false],\"searchKeyHeld\":[false],\"altKey\":[false],\"altGraphKey\":[false],\"shiftKey\":[false],\"metaKey\":[false],\"keyCode\":[39]}}": "skipForward",
    "{\"cvoxModifier\":true,\"stickyMode\":false,\"prefixKey\":false,\"keys\":{\"ctrlKey\":[false],\"searchKeyHeld\":[false],\"altKey\":[false],\"altGraphKey\":[false],\"shiftKey\":[false],\"metaKey\":[false],\"keyCode\":[189]}}": "previousGranularity",
    "{\"cvoxModifier\":true,\"stickyMode\":false,\"prefixKey\":false,\"keys\":{\"ctrlKey\":[false],\"searchKeyHeld\":[false],\"altKey\":[false],\"altGraphKey\":[false],\"shiftKey\":[false],\"metaKey\":[false],\"keyCode\":[187]}}": "nextGranularity",
    "{\"cvoxModifier\":true,\"stickyMode\":false,\"prefixKey\":false,\"keys\":{\"ctrlKey\":[false],\"searchKeyHeld\":[false],\"altKey\":[false],\"altGraphKey\":[false],\"shiftKey\":[false],\"metaKey\":[false],\"keyCode\":[32]}}": "forceClickOnCurrentItem",
    "{\"cvoxModifier\":true,\"stickyMode\":false,\"prefixKey\":false,\"keys\":{\"ctrlKey\":[false],\"searchKeyHeld\":[false],\"altKey\":[false],\"altGraphKey\":[false],\"shiftKey\":[false],\"metaKey\":[false],\"keyCode\":[85]}}": "readLinkURL",
    "{\"cvoxModifier\":true,\"stickyMode\":false,\"prefixKey\":false,\"keys\":{\"ctrlKey\":[false,false],\"searchKeyHeld\":[false,false],\"altKey\":[false,false],\"altGraphKey\":[false,false],\"shiftKey\":[false,false],\"metaKey\":[false,false],\"keyCode\":[67,84]}}": "readCurrentTitle",
    "{\"cvoxModifier\":true,\"stickyMode\":false,\"prefixKey\":false,\"keys\":{\"ctrlKey\":[false,false],\"searchKeyHeld\":[false,false],\"altKey\":[false,false],\"altGraphKey\":[false,false],\"shiftKey\":[false,false],\"metaKey\":[false,false],\"keyCode\":[67,85]}}": "readCurrentURL",
    "{\"cvoxModifier\":true,\"stickyMode\":false,\"prefixKey\":false,\"keys\":{\"ctrlKey\":[false],\"searchKeyHeld\":[false],\"altKey\":[false],\"altGraphKey\":[false],\"shiftKey\":[false],\"metaKey\":[false],\"keyCode\":[82]}}": "readFromHere",
    "{\"cvoxModifier\":true,\"stickyMode\":false,\"prefixKey\":false,\"keys\":{\"ctrlKey\":[false],\"searchKeyHeld\":[false],\"altKey\":[false],\"altGraphKey\":[false],\"shiftKey\":[false],\"metaKey\":[false],\"keyCode\":[75]}}": "fullyDescribe",
    "{\"cvoxModifier\":true,\"stickyMode\":false,\"prefixKey\":false,\"keys\":{\"ctrlKey\":[false],\"searchKeyHeld\":[false],\"altKey\":[false],\"altGraphKey\":[false],\"shiftKey\":[false],\"metaKey\":[false],\"keyCode\":[83]}}": "toggleSelection",
    "{\"cvoxModifier\":true,\"stickyMode\":false,\"prefixKey\":false,\"keys\":{\"ctrlKey\":[false],\"searchKeyHeld\":[false],\"altKey\":[false],\"altGraphKey\":[false],\"shiftKey\":[false],\"metaKey\":[false],\"keyCode\":[190]}}": "showPowerKey",
    "{\"cvoxModifier\":true,\"stickyMode\":false,\"prefixKey\":false,\"keys\":{\"ctrlKey\":[false],\"searchKeyHeld\":[false],\"altKey\":[false],\"altGraphKey\":[false],\"shiftKey\":[false],\"metaKey\":[false],\"keyCode\":[72]}}": "help",
    "{\"cvoxModifier\":true,\"stickyMode\":false,\"prefixKey\":false,\"keys\":{\"ctrlKey\":[false],\"searchKeyHeld\":[false],\"altKey\":[false],\"altGraphKey\":[false],\"shiftKey\":[false],\"metaKey\":[false],\"keyCode\":[191]}}": "toggleSearchWidget",
    "{\"cvoxModifier\":true,\"stickyMode\":false,\"prefixKey\":false,\"keys\":{\"ctrlKey\":[false,false],\"searchKeyHeld\":[false,false],\"altKey\":[false,false],\"altGraphKey\":[false,false],\"shiftKey\":[false,false],\"metaKey\":[false,false],\"keyCode\":[79,87]}}": "showOptionsPage",
    "{\"cvoxModifier\":true,\"stickyMode\":false,\"prefixKey\":false,\"keys\":{\"ctrlKey\":[false,false],\"searchKeyHeld\":[false,false],\"altKey\":[false,false],\"altGraphKey\":[false,false],\"shiftKey\":[false,false],\"metaKey\":[false,false],\"keyCode\":[79,75]}}": "showKbExplorerPage",
    "{\"cvoxModifier\":true,\"stickyMode\":false,\"prefixKey\":false,\"keys\":{\"ctrlKey\":[false,false],\"searchKeyHeld\":[false,false],\"altKey\":[false,false],\"altGraphKey\":[false,false],\"shiftKey\":[false,false],\"metaKey\":[false,false],\"keyCode\":[65,65]}}": "toggleChromeVox",
    "{\"cvoxModifier\":true,\"stickyMode\":false,\"prefixKey\":false,\"keys\":{\"ctrlKey\":[false],\"searchKeyHeld\":[false],\"altKey\":[false],\"altGraphKey\":[false],\"shiftKey\":[false],\"metaKey\":[false],\"keyCode\":[186]}}": "decreaseTtsPitch",
    "{\"cvoxModifier\":true,\"stickyMode\":false,\"prefixKey\":false,\"keys\":{\"ctrlKey\":[false],\"searchKeyHeld\":[false],\"altKey\":[false],\"altGraphKey\":[false],\"shiftKey\":[false],\"metaKey\":[false],\"keyCode\":[222]}}": "increaseTtsPitch",
    "{\"cvoxModifier\":true,\"stickyMode\":false,\"prefixKey\":false,\"keys\":{\"ctrlKey\":[false],\"searchKeyHeld\":[false],\"altKey\":[false],\"altGraphKey\":[false],\"shiftKey\":[false],\"metaKey\":[false],\"keyCode\":[219]}}": "decreaseTtsRate",
    "{\"cvoxModifier\":true,\"stickyMode\":false,\"prefixKey\":false,\"keys\":{\"ctrlKey\":[false],\"searchKeyHeld\":[false],\"altKey\":[false],\"altGraphKey\":[false],\"shiftKey\":[false],\"metaKey\":[false],\"keyCode\":[221]}}": "increaseTtsRate",
    "{\"cvoxModifier\":true,\"stickyMode\":false,\"prefixKey\":false,\"keys\":{\"ctrlKey\":[false,false],\"searchKeyHeld\":[false,false],\"altKey\":[false,false],\"altGraphKey\":[false,false],\"shiftKey\":[false,false],\"metaKey\":[false,false],\"keyCode\":[76,70]}}": "showFormsList",
    "{\"cvoxModifier\":true,\"stickyMode\":false,\"prefixKey\":false,\"keys\":{\"ctrlKey\":[false],\"searchKeyHeld\":[false],\"altKey\":[false],\"altGraphKey\":[false],\"shiftKey\":[false],\"metaKey\":[false],\"keyCode\":[81]}}": "cyclePunctuationLevel",
    "{\"cvoxModifier\":true,\"stickyMode\":false,\"prefixKey\":false,\"keys\":{\"ctrlKey\":[false,false],\"searchKeyHeld\":[false,false],\"altKey\":[false,false],\"altGraphKey\":[false,false],\"shiftKey\":[false,false],\"metaKey\":[false,false],\"keyCode\":[76,72]}}": "showHeadingsList",
    "{\"cvoxModifier\":true,\"stickyMode\":false,\"prefixKey\":false,\"keys\":{\"ctrlKey\":[false,false],\"searchKeyHeld\":[false,false],\"altKey\":[false,false],\"altGraphKey\":[false,false],\"shiftKey\":[false,false],\"metaKey\":[false,false],\"keyCode\":[76,76]}}": "showLinksList",
    "{\"cvoxModifier\":true,\"stickyMode\":false,\"prefixKey\":false,\"keys\":{\"ctrlKey\":[false,false],\"searchKeyHeld\":[false,false],\"altKey\":[false,false],\"altGraphKey\":[false,false],\"shiftKey\":[false,false],\"metaKey\":[false,false],\"keyCode\":[76,84]}}": "showTablesList",
    "{\"cvoxModifier\":true,\"stickyMode\":false,\"prefixKey\":false,\"keys\":{\"ctrlKey\":[false,false],\"searchKeyHeld\":[false,false],\"altKey\":[false,false],\"altGraphKey\":[false,false],\"shiftKey\":[false,false],\"metaKey\":[false,false],\"keyCode\":[76,186]}}": "showLandmarksList",
    "{\"cvoxModifier\":true,\"stickyMode\":false,\"prefixKey\":false,\"keys\":{\"ctrlKey\":[false,false],\"searchKeyHeld\":[false,false],\"altKey\":[false,false],\"altGraphKey\":[false,false],\"shiftKey\":[false,false],\"metaKey\":[false,false],\"keyCode\":[84,69]}}": "toggleTable",
    "{\"cvoxModifier\":true,\"stickyMode\":false,\"prefixKey\":false,\"keys\":{\"ctrlKey\":[false,false],\"searchKeyHeld\":[false,false],\"altKey\":[false,false],\"altGraphKey\":[false,false],\"shiftKey\":[false,false],\"metaKey\":[false,false],\"keyCode\":[84,72]}}": "announceHeaders",
    "{\"cvoxModifier\":true,\"stickyMode\":false,\"prefixKey\":false,\"keys\":{\"ctrlKey\":[false,false],\"searchKeyHeld\":[false,false],\"altKey\":[false,false],\"altGraphKey\":[false,false],\"shiftKey\":[false,false],\"metaKey\":[false,false],\"keyCode\":[84,76]}}": "speakTableLocation",
    "{\"cvoxModifier\":true,\"stickyMode\":false,\"prefixKey\":false,\"keys\":{\"ctrlKey\":[false,false],\"searchKeyHeld\":[false,false],\"altKey\":[false,false],\"altGraphKey\":[false,false],\"shiftKey\":[false,false],\"metaKey\":[false,false],\"keyCode\":[84,219]}}": "skipToBeginning",
    "{\"cvoxModifier\":true,\"stickyMode\":false,\"prefixKey\":false,\"keys\":{\"ctrlKey\":[false,false],\"searchKeyHeld\":[false,false],\"altKey\":[false,false],\"altGraphKey\":[false,false],\"shiftKey\":[false,false],\"metaKey\":[false,false],\"keyCode\":[84,221]}}": "skipToEnd",
    "{\"cvoxModifier\":true,\"stickyMode\":false,\"prefixKey\":false,\"keys\":{\"ctrlKey\":[false,false],\"searchKeyHeld\":[false,false],\"altKey\":[false,false],\"altGraphKey\":[false,false],\"shiftKey\":[false,false],\"metaKey\":[false,false],\"keyCode\":[84,186]}}": "skipToRowBeginning",
    "{\"cvoxModifier\":true,\"stickyMode\":false,\"prefixKey\":false,\"keys\":{\"ctrlKey\":[false,false],\"searchKeyHeld\":[false,false],\"altKey\":[false,false],\"altGraphKey\":[false,false],\"shiftKey\":[false,false],\"metaKey\":[false,false],\"keyCode\":[84,222]}}": "skipToRowEnd",
    "{\"cvoxModifier\":true,\"stickyMode\":false,\"prefixKey\":false,\"keys\":{\"ctrlKey\":[false,false],\"searchKeyHeld\":[false,false],\"altKey\":[false,false],\"altGraphKey\":[false,false],\"shiftKey\":[false,false],\"metaKey\":[false,false],\"keyCode\":[84,188]}}": "skipToColBeginning",
    "{\"cvoxModifier\":true,\"stickyMode\":false,\"prefixKey\":false,\"keys\":{\"ctrlKey\":[false,false],\"searchKeyHeld\":[false,false],\"altKey\":[false,false],\"altGraphKey\":[false,false],\"shiftKey\":[false,false],\"metaKey\":[false,false],\"keyCode\":[84,190]}}": "skipToColEnd",
    "{\"cvoxModifier\":true,\"stickyMode\":false,\"prefixKey\":false,\"keys\":{\"ctrlKey\":[false,false],\"searchKeyHeld\":[false,false],\"altKey\":[false,false],\"altGraphKey\":[false,false],\"shiftKey\":[false,false],\"metaKey\":[false,false],\"keyCode\":[77,68]}}": "cycleDomain",
    "{\"cvoxModifier\":true,\"stickyMode\":false,\"prefixKey\":false,\"keys\":{\"ctrlKey\":[false,false],\"searchKeyHeld\":[false,false],\"altKey\":[false,false],\"altGraphKey\":[false,false],\"shiftKey\":[false,false],\"metaKey\":[false,false],\"keyCode\":[78,49]}}": "nextHeading1",
    "{\"cvoxModifier\":true,\"stickyMode\":false,\"prefixKey\":false,\"keys\":{\"ctrlKey\":[false,false],\"searchKeyHeld\":[false,false],\"altKey\":[false,false],\"altGraphKey\":[false,false],\"shiftKey\":[false,false],\"metaKey\":[false,false],\"keyCode\":[80,49]}}": "previousHeading1",
    "{\"cvoxModifier\":true,\"stickyMode\":false,\"prefixKey\":false,\"keys\":{\"ctrlKey\":[false,false],\"searchKeyHeld\":[false,false],\"altKey\":[false,false],\"altGraphKey\":[false,false],\"shiftKey\":[false,false],\"metaKey\":[false,false],\"keyCode\":[78,50]}}": "nextHeading2",
    "{\"cvoxModifier\":true,\"stickyMode\":false,\"prefixKey\":false,\"keys\":{\"ctrlKey\":[false,false],\"searchKeyHeld\":[false,false],\"altKey\":[false,false],\"altGraphKey\":[false,false],\"shiftKey\":[false,false],\"metaKey\":[false,false],\"keyCode\":[80,50]}}": "previousHeading2",
    "{\"cvoxModifier\":true,\"stickyMode\":false,\"prefixKey\":false,\"keys\":{\"ctrlKey\":[false,false],\"searchKeyHeld\":[false,false],\"altKey\":[false,false],\"altGraphKey\":[false,false],\"shiftKey\":[false,false],\"metaKey\":[false,false],\"keyCode\":[78,51]}}": "nextHeading3",
    "{\"cvoxModifier\":true,\"stickyMode\":false,\"prefixKey\":false,\"keys\":{\"ctrlKey\":[false,false],\"searchKeyHeld\":[false,false],\"altKey\":[false,false],\"altGraphKey\":[false,false],\"shiftKey\":[false,false],\"metaKey\":[false,false],\"keyCode\":[80,51]}}": "previousHeading3",
    "{\"cvoxModifier\":true,\"stickyMode\":false,\"prefixKey\":false,\"keys\":{\"ctrlKey\":[false,false],\"searchKeyHeld\":[false,false],\"altKey\":[false,false],\"altGraphKey\":[false,false],\"shiftKey\":[false,false],\"metaKey\":[false,false],\"keyCode\":[78,52]}}": "nextHeading4",
    "{\"cvoxModifier\":true,\"stickyMode\":false,\"prefixKey\":false,\"keys\":{\"ctrlKey\":[false,false],\"searchKeyHeld\":[false,false],\"altKey\":[false,false],\"altGraphKey\":[false,false],\"shiftKey\":[false,false],\"metaKey\":[false,false],\"keyCode\":[80,52]}}": "previousHeading4",
    "{\"cvoxModifier\":true,\"stickyMode\":false,\"prefixKey\":false,\"keys\":{\"ctrlKey\":[false,false],\"searchKeyHeld\":[false,false],\"altKey\":[false,false],\"altGraphKey\":[false,false],\"shiftKey\":[false,false],\"metaKey\":[false,false],\"keyCode\":[78,53]}}": "nextHeading5",
    "{\"cvoxModifier\":true,\"stickyMode\":false,\"prefixKey\":false,\"keys\":{\"ctrlKey\":[false,false],\"searchKeyHeld\":[false,false],\"altKey\":[false,false],\"altGraphKey\":[false,false],\"shiftKey\":[false,false],\"metaKey\":[false,false],\"keyCode\":[80,53]}}": "previousHeading5",
    "{\"cvoxModifier\":true,\"stickyMode\":false,\"prefixKey\":false,\"keys\":{\"ctrlKey\":[false,false],\"searchKeyHeld\":[false,false],\"altKey\":[false,false],\"altGraphKey\":[false,false],\"shiftKey\":[false,false],\"metaKey\":[false,false],\"keyCode\":[78,54]}}": "nextHeading6",
    "{\"cvoxModifier\":true,\"stickyMode\":false,\"prefixKey\":false,\"keys\":{\"ctrlKey\":[false,false],\"searchKeyHeld\":[false,false],\"altKey\":[false,false],\"altGraphKey\":[false,false],\"shiftKey\":[false,false],\"metaKey\":[false,false],\"keyCode\":[80,54]}}": "previousHeading6",
    "{\"cvoxModifier\":true,\"stickyMode\":false,\"prefixKey\":false,\"keys\":{\"ctrlKey\":[false,false],\"searchKeyHeld\":[false,false],\"altKey\":[false,false],\"altGraphKey\":[false,false],\"shiftKey\":[false,false],\"metaKey\":[false,false],\"keyCode\":[78,65]}}": "nextAnchor",
    "{\"cvoxModifier\":true,\"stickyMode\":false,\"prefixKey\":false,\"keys\":{\"ctrlKey\":[false,false],\"searchKeyHeld\":[false,false],\"altKey\":[false,false],\"altGraphKey\":[false,false],\"shiftKey\":[false,false],\"metaKey\":[false,false],\"keyCode\":[78,67]}}": "nextComboBox",
    "{\"cvoxModifier\":true,\"stickyMode\":false,\"prefixKey\":false,\"keys\":{\"ctrlKey\":[false,false],\"searchKeyHeld\":[false,false],\"altKey\":[false,false],\"altGraphKey\":[false,false],\"shiftKey\":[false,false],\"metaKey\":[false,false],\"keyCode\":[80,67]}}": "previousComboBox",
    "{\"cvoxModifier\":true,\"stickyMode\":false,\"prefixKey\":false,\"keys\":{\"ctrlKey\":[false,false],\"searchKeyHeld\":[false,false],\"altKey\":[false,false],\"altGraphKey\":[false,false],\"shiftKey\":[false,false],\"metaKey\":[false,false],\"keyCode\":[78,69]}}": "nextEditText",
    "{\"cvoxModifier\":true,\"stickyMode\":false,\"prefixKey\":false,\"keys\":{\"ctrlKey\":[false,false],\"searchKeyHeld\":[false,false],\"altKey\":[false,false],\"altGraphKey\":[false,false],\"shiftKey\":[false,false],\"metaKey\":[false,false],\"keyCode\":[80,69]}}": "previousEditText",
    "{\"cvoxModifier\":true,\"stickyMode\":false,\"prefixKey\":false,\"keys\":{\"ctrlKey\":[false,false],\"searchKeyHeld\":[false,false],\"altKey\":[false,false],\"altGraphKey\":[false,false],\"shiftKey\":[false,false],\"metaKey\":[false,false],\"keyCode\":[78,70]}}": "nextFormField",
    "{\"cvoxModifier\":true,\"stickyMode\":false,\"prefixKey\":false,\"keys\":{\"ctrlKey\":[false,false],\"searchKeyHeld\":[false,false],\"altKey\":[false,false],\"altGraphKey\":[false,false],\"shiftKey\":[false,false],\"metaKey\":[false,false],\"keyCode\":[80,70]}}": "previousFormField",
    "{\"cvoxModifier\":true,\"stickyMode\":false,\"prefixKey\":false,\"keys\":{\"ctrlKey\":[false,false],\"searchKeyHeld\":[false,false],\"altKey\":[false,false],\"altGraphKey\":[false,false],\"shiftKey\":[false,false],\"metaKey\":[false,false],\"keyCode\":[78,71]}}": "nextGraphic",
    "{\"cvoxModifier\":true,\"stickyMode\":false,\"prefixKey\":false,\"keys\":{\"ctrlKey\":[false,false],\"searchKeyHeld\":[false,false],\"altKey\":[false,false],\"altGraphKey\":[false,false],\"shiftKey\":[false,false],\"metaKey\":[false,false],\"keyCode\":[80,71]}}": "previousGraphic",
    "{\"cvoxModifier\":true,\"stickyMode\":false,\"prefixKey\":false,\"keys\":{\"ctrlKey\":[false,false],\"searchKeyHeld\":[false,false],\"altKey\":[false,false],\"altGraphKey\":[false,false],\"shiftKey\":[false,false],\"metaKey\":[false,false],\"keyCode\":[78,72]}}": "nextHeading",
    "{\"cvoxModifier\":true,\"stickyMode\":false,\"prefixKey\":false,\"keys\":{\"ctrlKey\":[false,false],\"searchKeyHeld\":[false,false],\"altKey\":[false,false],\"altGraphKey\":[false,false],\"shiftKey\":[false,false],\"metaKey\":[false,false],\"keyCode\":[80,72]}}": "previousHeading",
    "{\"cvoxModifier\":true,\"stickyMode\":false,\"prefixKey\":false,\"keys\":{\"ctrlKey\":[false,false],\"searchKeyHeld\":[false,false],\"altKey\":[false,false],\"altGraphKey\":[false,false],\"shiftKey\":[false,false],\"metaKey\":[false,false],\"keyCode\":[78,73]}}": "nextListItem",
    "{\"cvoxModifier\":true,\"stickyMode\":false,\"prefixKey\":false,\"keys\":{\"ctrlKey\":[false,false],\"searchKeyHeld\":[false,false],\"altKey\":[false,false],\"altGraphKey\":[false,false],\"shiftKey\":[false,false],\"metaKey\":[false,false],\"keyCode\":[80,73]}}": "previousListItem",
    "{\"cvoxModifier\":true,\"stickyMode\":false,\"prefixKey\":false,\"keys\":{\"ctrlKey\":[false,false],\"searchKeyHeld\":[false,false],\"altKey\":[false,false],\"altGraphKey\":[false,false],\"shiftKey\":[false,false],\"metaKey\":[false,false],\"keyCode\":[78,76]}}": "nextLink",
    "{\"cvoxModifier\":true,\"stickyMode\":false,\"prefixKey\":false,\"keys\":{\"ctrlKey\":[false,false],\"searchKeyHeld\":[false,false],\"altKey\":[false,false],\"altGraphKey\":[false,false],\"shiftKey\":[false,false],\"metaKey\":[false,false],\"keyCode\":[80,76]}}": "previousLink",
    "{\"cvoxModifier\":true,\"stickyMode\":false,\"prefixKey\":false,\"keys\":{\"ctrlKey\":[false,false],\"searchKeyHeld\":[false,false],\"altKey\":[false,false],\"altGraphKey\":[false,false],\"shiftKey\":[false,false],\"metaKey\":[false,false],\"keyCode\":[78,79]}}": "nextList",
    "{\"cvoxModifier\":true,\"stickyMode\":false,\"prefixKey\":false,\"keys\":{\"ctrlKey\":[false,false],\"searchKeyHeld\":[false,false],\"altKey\":[false,false],\"altGraphKey\":[false,false],\"shiftKey\":[false,false],\"metaKey\":[false,false],\"keyCode\":[80,79]}}": "previousList",
    "{\"cvoxModifier\":true,\"stickyMode\":false,\"prefixKey\":false,\"keys\":{\"ctrlKey\":[false,false],\"searchKeyHeld\":[false,false],\"altKey\":[false,false],\"altGraphKey\":[false,false],\"shiftKey\":[false,false],\"metaKey\":[false,false],\"keyCode\":[78,82]}}": "nextRadio",
    "{\"cvoxModifier\":true,\"stickyMode\":false,\"prefixKey\":false,\"keys\":{\"ctrlKey\":[false,false],\"searchKeyHeld\":[false,false],\"altKey\":[false,false],\"altGraphKey\":[false,false],\"shiftKey\":[false,false],\"metaKey\":[false,false],\"keyCode\":[80,82]}}": "previousRadio",
    "{\"cvoxModifier\":true,\"stickyMode\":false,\"prefixKey\":false,\"keys\":{\"ctrlKey\":[false,false],\"searchKeyHeld\":[false,false],\"altKey\":[false,false],\"altGraphKey\":[false,false],\"shiftKey\":[false,false],\"metaKey\":[false,false],\"keyCode\":[78,84]}}": "nextTable",
    "{\"cvoxModifier\":true,\"stickyMode\":false,\"prefixKey\":false,\"keys\":{\"ctrlKey\":[false,false],\"searchKeyHeld\":[false,false],\"altKey\":[false,false],\"altGraphKey\":[false,false],\"shiftKey\":[false,false],\"metaKey\":[false,false],\"keyCode\":[80,84]}}": "previousTable",
    "{\"cvoxModifier\":true,\"stickyMode\":false,\"prefixKey\":false,\"keys\":{\"ctrlKey\":[false,false],\"searchKeyHeld\":[false,false],\"altKey\":[false,false],\"altGraphKey\":[false,false],\"shiftKey\":[false,false],\"metaKey\":[false,false],\"keyCode\":[78,66]}}": "nextButton",
    "{\"cvoxModifier\":true,\"stickyMode\":false,\"prefixKey\":false,\"keys\":{\"ctrlKey\":[false,false],\"searchKeyHeld\":[false,false],\"altKey\":[false,false],\"altGraphKey\":[false,false],\"shiftKey\":[false,false],\"metaKey\":[false,false],\"keyCode\":[80,66]}}": "previousButton",
    "{\"cvoxModifier\":true,\"stickyMode\":false,\"prefixKey\":false,\"keys\":{\"ctrlKey\":[false,false],\"searchKeyHeld\":[false,false],\"altKey\":[false,false],\"altGraphKey\":[false,false],\"shiftKey\":[false,false],\"metaKey\":[false,false],\"keyCode\":[78,88]}}": "nextCheckbox",
    "{\"cvoxModifier\":true,\"stickyMode\":false,\"prefixKey\":false,\"keys\":{\"ctrlKey\":[false,false],\"searchKeyHeld\":[false,false],\"altKey\":[false,false],\"altGraphKey\":[false,false],\"shiftKey\":[false,false],\"metaKey\":[false,false],\"keyCode\":[80,88]}}": "previousCheckbox",
    "{\"cvoxModifier\":true,\"stickyMode\":false,\"prefixKey\":false,\"keys\":{\"ctrlKey\":[false,false],\"searchKeyHeld\":[false,false],\"altKey\":[false,false],\"altGraphKey\":[false,false],\"shiftKey\":[false,false],\"metaKey\":[false,false],\"keyCode\":[78,186]}}": "nextLandmark",
    "{\"cvoxModifier\":true,\"stickyMode\":false,\"prefixKey\":false,\"keys\":{\"ctrlKey\":[false,false],\"searchKeyHeld\":[false,false],\"altKey\":[false,false],\"altGraphKey\":[false,false],\"shiftKey\":[false,false],\"metaKey\":[false,false],\"keyCode\":[80,186]}}": "previousLandmark",
    "{\"cvoxModifier\":true,\"stickyMode\":false,\"prefixKey\":false,\"keys\":{\"ctrlKey\":[false,false],\"searchKeyHeld\":[false,false],\"altKey\":[false,false],\"altGraphKey\":[false,false],\"shiftKey\":[false,false],\"metaKey\":[false,false],\"keyCode\":[66,67]}}": "enableConsoleTts"
}
