{ "bindings": [
 {"command": "handleTabPrev",
  "sequence": {"keys": {"keyCode": [9],
                        "shiftKey": [true]}
              }},

 {"command": "handleTab",
  "sequence": {"keys": {"keyCode": [9]}
              }},

 {"command": "stopSpeech",
  "sequence": {"keys": {"ctrlKey": [true],
                        "keyCode": [17]}
              }},

 {"command": "toggleKeyPrefix",
  "sequence": {"keys": {"ctrlKey": [true],
                        "keyCode": [90]}
              }},

 {"command": "forceClickOnCurrentItem",
  "sequence": {"cvoxModifier": true,
               "keys": {"keyCode": [32]}
              }},

 {"command": "previousCharacter",
  "sequence": {"cvoxModifier": true,
               "keys": {"keyCode": [37]}
              }},

 {"command": "previousWord",
  "sequence": {
    "keys": {"keyCode": [37],
             "ctrlKey": [true]}
  }},


 {"command": "previousSentence",
  "sequence": {
    "keys": {"keyCode": [38],
             "altKey": [true]}
  }},

 {"command": "previousObject",
  "sequence": {"cvoxModifier": true,
               "keys": {"keyCode": [38]}
              }},

 {"command": "previousGroup",
  "sequence": {
    "keys": {"keyCode": [38],
             "ctrlKey": [true]}
  }},

 {"command": "nextCharacter",
  "sequence": {"cvoxModifier": true,
               "keys": {"keyCode": [39]}
              }},

 {"command": "nextWord",
  "sequence": {
    "keys": {"keyCode": [39],
             "ctrlKey": [true]}
  }},

 {"command": "nextSentence",
  "sequence": {
    "keys": {"keyCode": [40],
             "altKey": [true]}
  }},

 {"command": "nextObject",
  "sequence": {"cvoxModifier": true,
               "keys": {"keyCode": [40]}
              }},

 {"command": "nextGroup",
  "sequence": {
    "keys": {"keyCode": [40],
             "ctrlKey": [true]}
  }},

 {"command": "jumpToTop",
  "sequence": {
    "keys": {"keyCode": [36],
             "ctrlKey": [true]}
  }},

 {"command": "jumpToBottom",
  "sequence": {
    "keys": {"keyCode": [35],
             "ctrlKey": [true]}
  }},

 {"command": "fullyDescribe",
  "sequence": {"cvoxModifier": true,
               "keys": {"keyCode": [75]}
              }},

 {"command": "readFromHere",
  "sequence": {"cvoxModifier": true,
               "keys": {"keyCode": [82]}
              }},

 {"command": "toggleSelection",
  "sequence": {"cvoxModifier": true,
               "keys": {"keyCode": [83]}
              }},

 {"command": "skipBackward",
  "sequence": {"cvoxModifier": false,
               "keys": {"keyCode": [37]}
              }},

 {"command": "skipForward",
  "sequence": {"cvoxModifier": false,
               "keys": {"keyCode": [39]}
              }},

 {"command": "toggleKeyboardHelp",
  "sequence": {"cvoxModifier": true,
               "keys": {"keyCode": [190]}
              }},

 {"command": "toggleSearchWidget",
  "sequence": {"cvoxModifier": true,
               "keys": {"keyCode": [191]}
              }},

 {"command": "decreaseTtsRate",
  "sequence": {"cvoxModifier": true,
               "keys": {"keyCode": [116]}
              }},

 {"command": "increaseTtsRate",
  "sequence": {"cvoxModifier": true,
               "keys": {"keyCode": [117]}
              }},

 {"command": "decreaseTtsPitch",
  "sequence": {"cvoxModifier": true,
               "keys": {"keyCode": [118]}
              }},

 {"command": "increaseTtsPitch",
  "sequence": {"cvoxModifier": true,
               "keys": {"keyCode": [119]}
              }},

 {"command": "decreaseTtsVolume",
  "sequence": {"cvoxModifier": true,
               "keys": {"keyCode": [120]}
              }},

 {"command": "increaseTtsVolume",
  "sequence": {"cvoxModifier": true,
               "keys": {"keyCode": [121]}
              }},

 {"command": "cyclePunctuationLevel",
  "sequence": {"cvoxModifier": true,
               "keys": {"keyCode": [80]}
              }},

 {"command": "enableConsoleTts",
  "sequence": {"cvoxModifier": true,
               "keys": {"keyCode": [66, 67]}
              }},

 {"command": "showFormsList",
  "sequence": {"cvoxModifier": true,
               "keys": {"keyCode": [87, 70]}
              }},

 {"command": "showHeadingsList",
  "sequence": {"cvoxModifier": true,
               "keys": {"keyCode": [87, 72]}
              }},

 {"command": "showLinksList",
  "sequence": {"cvoxModifier": true,
               "keys": {"keyCode": [87, 76]}
              }},

 {"command": "showTablesList",
  "sequence": {"cvoxModifier": true,
               "keys": {"keyCode": [87, 84]}
              }},

 {"command": "nextHeading1",
  "sequence": {"cvoxModifier": true,
               "keys": {"keyCode": [49]}
              }},

 {"command": "nextHeading2",
  "sequence": {"cvoxModifier": true,
               "keys": {"keyCode": [50]}
              }},

 {"command": "nextHeading3",
  "sequence": {"cvoxModifier": true,
               "keys": {"keyCode": [51]}
              }},

 {"command": "nextHeading4",
  "sequence": {"cvoxModifier": true,
               "keys": {"keyCode": [52]}
              }},

 {"command": "nextHeading5",
  "sequence": {"cvoxModifier": true,
               "keys": {"keyCode": [53]}
              }},

 {"command": "nextHeading6",
  "sequence": {"cvoxModifier": true,
               "keys": {"keyCode": [54]}
              }},

 {"command": "nextButton",
  "sequence": {"cvoxModifier": true,
               "keys": {"keyCode": [66]}
              }},

 {"command": "nextComboBox",
  "sequence": {"cvoxModifier": true,
               "keys": {"keyCode": [67]}
              }},

 {"command": "nextEditText",
  "sequence": {"cvoxModifier": true,
               "keys": {"keyCode": [69]}
              }},

 {"command": "nextFormField",
  "sequence": {"cvoxModifier": true,
               "keys": {"keyCode": [70]}
              }},

 {"command": "nextGraphic",
  "sequence": {"cvoxModifier": true,
               "keys": {"keyCode": [71]}
              }},

 {"command": "nextHeading",
  "sequence": {"cvoxModifier": true,
               "keys": {"keyCode": [72]}
              }},

 {"command": "nextListItem",
  "sequence": {"cvoxModifier": true,
               "keys": {"keyCode": [73]}
              }},

 {"command": "nextLink",
  "sequence": {"cvoxModifier": true,
               "keys": {"keyCode": [76]}
              }},

 {"command": "nextList",
  "sequence": {"cvoxModifier": true,
               "keys": {"keyCode": [85]}
              }},

 {"command": "nextRadio",
  "sequence": {"cvoxModifier": true,
               "keys": {"keyCode": [82]}
              }},

 {"command": "nextTable",
  "sequence": {"cvoxModifier": true,
               "keys": {"keyCode": [84]}
              }},

 {"command": "nextCheckbox",
  "sequence": {"cvoxModifier": true,
               "keys": {"keyCode": [88]}
              }},

 {"command": "showKbExplorerPage",
  "sequence": {"cvoxModifier": true,
               "keys": {"keyCode": [79, 75]}
              }},

 {"command": "showOptionsPage",
  "sequence": {"cvoxModifier": true,
               "keys": {"keyCode": [79, 87]}
              }},

 {"command": "previousHeading1",
  "sequence": {"cvoxModifier": true,
               "keys": {"keyCode": [49],
                        "shiftKey": [true]}
              }},

 {"command": "previousHeading2",
  "sequence": {"cvoxModifier": true,
               "keys": {"keyCode": [50],
                        "shiftKey": [true]}
              }},

 {"command": "previousHeading3",
  "sequence": {"cvoxModifier": true,
               "keys": {"keyCode": [51],
                        "shiftKey": [true]}
              }},

 {"command": "previousHeading4",
  "sequence": {"cvoxModifier": true,
               "keys": {"keyCode": [52],
                        "shiftKey": [true]}
              }},

 {"command": "previousHeading5",
  "sequence": {"cvoxModifier": true,
               "keys": {"keyCode": [53],
                        "shiftKey": [true]}
              }},

 {"command": "previousHeading6",
  "sequence": {"cvoxModifier": true,
               "keys": {"keyCode": [54],
                        "shiftKey": [true]}
              }},

 {"command": "previousButton",
  "sequence": {"cvoxModifier": true,
               "keys": {"keyCode": [66],
                        "shiftKey": [true]}
              }},

 {"command": "previousComboBox",
  "sequence": {"cvoxModifier": true,
               "keys": {"keyCode": [67],
                        "shiftKey": [true]}
              }},

 {"command": "previousEditText",
  "sequence": {"cvoxModifier": true,
               "keys": {"keyCode": [69],
                        "shiftKey": [true]}
              }},

 {"command": "previousFormField",
  "sequence": {"cvoxModifier": true,
               "keys": {"keyCode": [70],
                        "shiftKey": [true]}
              }},

 {"command": "previousGraphic",
  "sequence": {"cvoxModifier": true,
               "keys": {"keyCode": [71],
                        "shiftKey": [true]}
              }},

 {"command": "previousHeading",
  "sequence": {"cvoxModifier": true,
               "keys": {"keyCode": [72],
                        "shiftKey": [true]}
              }},

 {"command": "previousListItem",
  "sequence": {"cvoxModifier": true,
               "keys": {"keyCode": [73],
                        "shiftKey": [true]}
              }},

 {"command": "previousLink",
  "sequence": {"cvoxModifier": true,
               "keys": {"keyCode": [76],
                        "shiftKey": [true]}
              }},

 {"command": "previousList",
  "sequence": {"cvoxModifier": true,
               "keys": {"keyCode": [85],
                        "shiftKey": [true]}
              }},

 {"command": "previousRadio",
  "sequence": {"cvoxModifier": true,
               "keys": {"keyCode": [82],
                        "shiftKey": [true]}
              }},

 {"command": "previousTable",
  "sequence": {"cvoxModifier": true,
               "keys": {"keyCode": [84],
                        "shiftKey": [true]}
              }},

 {"command": "previousCheckbox",
  "sequence": {"cvoxModifier": true,
               "keys": {"keyCode": [88],
                        "shiftKey": [true]}
              }},

 {"command": "toggleTable",
  "sequence": {"cvoxModifier": true,
               "keys": {"keyCode": [222, 69]}
              }},

 {"command": "announceHeaders",
  "sequence": {"cvoxModifier": true,
               "keys": {"keyCode": [222, 72]}
              }},

 {"command": "speakTableLocation",
  "sequence": {"cvoxModifier": true,
               "keys": {"keyCode": [222, 76]}
              }},

 {"command": "showLandmarksList",
  "sequence": {"cvoxModifier": true,
               "keys": {"keyCode": [87, 186]}
              }},

 {"command": "nextLandmark",
  "sequence": {"cvoxModifier": true,
               "keys": {"keyCode": [186]}
              }},

 {"command": "previousLandmark",
  "sequence": {"cvoxModifier": true,
               "keys": {"keyCode": [186],
                        "shiftKey": [true]}
              }},

 {"command": "skipToRowBeginning",
  "sequence": {"cvoxModifier": true,
               "keys": {"keyCode": [222, 186]}
              }},

 {"command": "skipToColBeginning",
  "sequence": {"cvoxModifier": true,
               "keys": {"keyCode": [222, 188]}
              }},

 {"command": "skipToColEnd",
  "sequence": {"cvoxModifier": true,
               "keys": {"keyCode": [222, 190]}
              }},

 {"command": "skipToBeginning",
  "sequence": {"cvoxModifier": true,
               "keys": {"keyCode": [222, 219]}
              }},

 {"command": "skipToEnd",
  "sequence": {"cvoxModifier": true,
               "keys": {"keyCode": [222, 221]}
              }},

 {"command": "skipToRowEnd",
  "sequence": {"cvoxModifier": true,
               "keys": {"keyCode": [222, 222]}
              }},

 {"command": "help",
  "sequence": {"cvoxModifier": true,
               "keys": {"keyCode": [112]}
              }},

 {"command": "readCurrentTitle",
  "sequence": {"cvoxModifier": true,
               "keys": {"keyCode": [113]}
              }},

 {"command": "readCurrentURL",
  "sequence": {"cvoxModifier": true,
               "keys": {"keyCode": [114]}
              }},

 {"command": "toggleChromeVox",
  "sequence": {"cvoxModifier": true,
               "keys": {"keyCode": [115]}
              }}
  ]
}
